phase,mean,min,max
1,0.009097459436286818,0,0.957
2,0.055015530362260326,0,0.986
3,0.015683964474670655,0,0.216
