phase,mean,min,max
1,0.0024483012686033995,0,0.121
2,0.026317871288409126,0,0.103
3,0.0058488050873381206,0,0.06
