phase,mean,min,max
1,0.38765624485310735,0,16.789
2,1.7938154721235002,0.572,25.619
3,0.7390767585758895,0,14.001
