phase,mean,min,max
1,0.002372414937644508,0,0.054
2,0.01756232070138712,0,0.071
3,0.004582969911048277,0,0.039
