phase,mean,min,max
1,0.0036129429040810935,0,0.405
2,0.037607409671549255,0,0.402
3,0.013513192360628075,0,0.08
